Title,Price,Min Order,Img,Link
PD Fast Charging 5 In 1 120W Type-C & USB-A Retractable Cable Car Charger For Laptop And Mobile Devices,"PKR 1,533-1,671", 20 pieces,./Alibaba.com_files/Hda10b5f63beb47368690cd26af531aefr.jpg_300x300.jpg,https://zstfs.en.alibaba.com/company_profile.html
Car Accessories Interior Decoration Faux PU Leather Front Car Seat Covers 9pcs Universal for bmw for ford for,"PKR 6,968", 3 pieces,./Alibaba.com_files/H8c06ddf5c398489f873cb0f8e838dc0du.jpg_300x300.jpg,https://cnjinshuai.en.alibaba.com/company_profile.html
Factory-customize Car Towel Microfiber Double-sided 500gsm--800gsm Car Washing Coral Fleece Towel,PKR 32-47," 5,000 pieces",./Alibaba.com_files/H59c60c91741e4d018804ade77a11216dK.png_300x300.png,https://hbxiangfeng.en.alibaba.com/company_profile.html
Fascinating Price New Type Interior Accessories Car Beauty Durable Auto Parts,"PKR 6,058", 50 pieces,./Alibaba.com_files/H90ce9324fb294cdd9d04ab2ae61a8b3d9.jpg_300x300.jpg,https://mlf888.en.alibaba.com/company_profile.html
5-in-1 Portable Aromatherapy Car Charger With PD 3.0 Type-C Retractable Cable & 45W Fast Charging,"PKR 3,023-3,210", 20 pieces,./Alibaba.com_files/Hbbdd924e6e39465299265eafa4f995551.jpg_300x300.jpg,https://zstfs.en.alibaba.com/company_profile.html
New Car Accessory USB with Dual Heads Flexible Hose for Rear Seat Foldable Car Interiors Car Fans Accesorios Para Automovil,"PKR 1,558-1,714", 50 pieces,./Alibaba.com_files/H311cd55632f849008f79d551a5844f4dI.jpg_300x300.jpg,https://yatetech.en.alibaba.com/company_profile.html
Wholesale New Cars Ceramic Brake Pads For Toyota Camry KIA MG Renault Volvo Manufactured Our Factory Supplier,"PKR 1,185", 4 sets,./Alibaba.com_files/Hf1bef9bb1c31414db0faeec6ab0c6e90y.jpg_300x300.jpg,https://sdcxpad.en.alibaba.com/company_profile.html
Car Accessories Shift Gear Car Gear Shift Knob Crystal Universal Auto Accessory Various Colors Available,"PKR 1,340", 5 pieces,./Alibaba.com_files/H482c0aec48b74e72bd1f4e8f4a0048caq.jpg_300x300.jpg,https://toujia.en.alibaba.com/company_profile.html
Catalytic Converter Honeycomb Ceramic Monolith Filter Universal Car Exhaust Three Way Catalyst Converter,"PKR 1,558-14,022", 1 piece,./Alibaba.com_files/Hb162fd1d6c404a55a850a10ff6f5e9c7Z.jpg_300x300.jpg,https://pxnxhg.en.alibaba.com/company_profile.html
Hot Selling Luxury Full Set Car Accessories Universal Fit Waterproof Non-Slip Leather Cushion Breathable Sports Style Durable,"PKR 10,594-12,464", 1 piece,./Alibaba.com_files/H375da9a238c4495586fe1641e2c0cc61V.jpg_300x300.jpg,https://mico2025.en.alibaba.com/company_profile.html
JZM 2 Inch Steel Swivel Castor Wheels For Office Chair Threaded Brake Transparent Polyurethane PU With Locking Stem Caster,PKR 624, 2 pieces,./Alibaba.com_files/H3a148ed4ea1c40258f439467777a9315j.jpg_300x300.jpg,https://jzmcaster.en.alibaba.com/company_profile.html
2 in 1 Universal Rotation Auto Gadget Accessories Strong Hanger Car Vehicle Back Seat Headrest Hook with Magnet Phone Holder,PKR 455, 100 pieces,./Alibaba.com_files/H88ec05a8ebd7408b85c91c476b26026dm.jpg_300x300.jpg,https://malubly.en.alibaba.com/company_profile.html
New L805 Printhead Original UV Inkjet Cabezal Print Head for Epson L800 L805 L850 P50 T50 T60 TX650 R290 R330,"PKR 24,927", 1 piece,./Alibaba.com_files/H4b313904941b4548a13b60dc23ca46edd.jpg_300x300.jpg,https://dongyinkeji.en.alibaba.com/company_profile.html
car accessories 2024 CARFU Hot Selling Car Auto Parts Interior Decoration Side Universal Car Parasol new,"PKR 1,558", 50 pieces,./Alibaba.com_files/H3f28df6ac7064b0f966b669bdda52e95i.jpg_300x300.jpg,https://sdcarfu.en.alibaba.com/company_profile.html
Custom Size 16mm Nylon Hook Loop Strong Self-Adhesive Tape Heat Resistant Adjustable Cable Tie Shoes Car Dot,PKR 60-156, 200 meters,./Alibaba.com_files/Hab4c6b4c92e648d09f54bb5bf8b001f2r.jpg_300x300.jpg,https://wenhaofangzhi.en.alibaba.com/company_profile.html
Auto Accessories Car Seat Cover Universal PU Leather Seat Protector Full Set,"PKR 10,906", 4 pieces,./Alibaba.com_files/H3a85140317604dda906c7f96cfb94184Q.jpg_300x300.jpg,https://yeahsun.en.alibaba.com/company_profile.html
H4 BA20D 3570 SMD Dual Color LED Motorcycle Headlight 12-80V High/Low Beam Motorcycle Bulb,PKR 468, 2 pieces,./Alibaba.com_files/H960502fc301a478294e3f3c42214bc0ep.png_300x300.png,https://dashenglight.en.alibaba.com/company_profile.html
Car Accessories Auto Accessories 15w Car Magnetic Charging Phone Holder,"PKR 1,652-1,714", 60 pieces,./Alibaba.com_files/H919155ba04fe4e3f86a1bc8d0be585abV.jpg_300x300.jpg,https://3rhb.en.alibaba.com/company_profile.html
"IPoster 10.36"" Bluetooth USB MP5 Touch Screen DVR Video Recorder Monitor For 1080P 360 View Front Rear Cameras 4ch Truck Dashcam","PKR 27,420", 2 pieces,./Alibaba.com_files/H7bb06de9806147ad8b569c9d600db21fk.png_300x300.png,https://cqdzdg.en.alibaba.com/company_profile.html
Wholesale Car Accessories Universal Car Sunshade,PKR 524," 1,000 sets",./Alibaba.com_files/H2a55f7f958314156bffba1b5732f5dfc4.jpg_300x300.jpg,https://anma.en.alibaba.com/company_profile.html
Good Quality Travel 4ml/5ml/8ml/10ml/15ml/20ml/25ml/30ml Essen Colorful Twist Up Perfume Bottle,PKR 240-446, 10 pieces,./Alibaba.com_files/Hf57b8d5d018f49f3861e1258ce854fb3K.jpg_300x300.jpg,https://ntessen.en.alibaba.com/company_profile.html
Car Accessories Full Set Luxury Auto High Quality Universal Leather Car Seats Cover,"PKR 8,413-9,971", 20 sets,./Alibaba.com_files/Hf9a040d274424442b4cb17e44a5369d6L.jpg_300x300.jpg,https://cnfzx.en.alibaba.com/company_profile.html
High Quality 2K Car Camera Dashcam Dash Cam Wifi with GPS Tracking for Vehicle and Taxi,"PKR 12,121-14,614", 2 pieces,./Alibaba.com_files/Aec9a786944ea4203aeb29454e3f082c7u.jpg_300x300.jpg,https://seeworld.en.alibaba.com/company_profile.html
High Quality ABS Car Accessories Luxury PP Silver Grey Easy Install Stylish for All Cars,"PKR 1,683-1,963", 300 sets,./Alibaba.com_files/H800caca2752349e9954a243dc8957f77G.jpg_300x300.jpg,https://autoallchina.en.alibaba.com/company_profile.html
YIXIN Manufacturer Clear PVC Heat Shrink Wrap Bags For Automotive Parts And Engine Component High Temperature Packaging,PKR 19," 1,000 pieces",./Alibaba.com_files/He27ff5c705924e82994ce3f8faf08f76t.png_300x300.png,https://yxpackage666.en.alibaba.com/company_profile.html
Fascinating Price New Type Interior Accessories Car Beauty Durable Auto Parts,"PKR 6,058", 50 pieces,./Alibaba.com_files/Hacd3a66ffe4b4d5e9d52b8203f08bae9b.jpg_300x300.jpg,https://us1576314486qjwm.trustpass.alibaba.com/company_profile.html
CMTB1-63 Mcb 1p 2p 3p 4p 16a 20a 63a Electrical Miniature Circuit Breaker,PKR 390, 40 pieces,./Alibaba.com_files/S13c9e614a6db4bd2aae9864f603dbe7cs.png_300x300.png,https://mutai.en.alibaba.com/company_profile.html
Luxury 5D Four Season Universal Car Seat Cover Breathable Full Set Leather Cushion with Polyester Car Accessories,"PKR 11,841", 1 piece,./Alibaba.com_files/H796267053a454721ba3378a5bc27ed2f0.jpg_300x300.jpg,https://ningbomaker.en.alibaba.com/company_profile.html
Front Sway Bar Bush 48815-14130 Match With 48815-14140 Right For ToY Tercel Auto Chassis Accessories,PKR 250-343, 200 packs,./Alibaba.com_files/H119ae7fb81f048008eb27b372b490661N.jpg_300x300.jpg,https://lituo888.en.alibaba.com/company_profile.html
Hot Auto Vehicle Accessories PVC Leather Sunshade Napkin Box Car Visor Tissue Holder Interior Decoration and Accessories,"PKR 1,119-1,487", 5 pieces,./Alibaba.com_files/H12031166512c45beae09d986d212eae59.jpg_300x300.jpg,https://gumeitrade.en.alibaba.com/company_profile.html
SDCX D1211 Front Brake Pads D1211 For Toyota Mirai (jpd1_) Brake Pad Ceramic OEM 04465-42140,PKR 873-998, 4 sets,./Alibaba.com_files/He7549711b5324c8198cc86ae758669b5m.jpg_300x300.jpg,https://sdcxpad.en.alibaba.com/company_profile.html
2023 Latest Auto Accessories Console Silicone Tray Multifunctional Car Anti-slip Mat Automotive Interior Storage,PKR 904, 50 pieces,./Alibaba.com_files/Hecc091b54a1549adb8307166b9894d9cm.jpg_300x300.jpg,https://joyart-auto.en.alibaba.com/company_profile.html
D3 Universal Compact 2P Copper LED Lighting Pluggable Non-Stripped Wire Connectors 3-In-3-Out Spring Wire Terminals Car GPS,PKR 44," 5,000 pieces",./Alibaba.com_files/Hffa6ff85467744289ae301ce15e80e2eu.jpg_300x300.jpg,https://chinaenyoo.en.alibaba.com/company_profile.html
Bling Interior Decorative Car Accessories Set Phone Holder Charger Wires Handmade Luxury Auto Car Decoration Accessories Gift,"PKR 873-3,085", 20 pieces,./Alibaba.com_files/Hc0acb1c4ae354e70bdd095a8f9d745ecg.jpg_300x300.jpg,https://timbear.en.alibaba.com/company_profile.html
Custom Plastic Parts Injection Molding & Assembly Service | One-Stop OEM Solution For Automotive & Electronics,"PKR 281-1,340", 1 set,./Alibaba.com_files/A955cadcbf1064a5f81ac26ac6a219b32d.png_300x300.png,https://pickpet.en.alibaba.com/company_profile.html
3pcs Car Accessories Set for Women Steering Wheel Cover Gear Shift Cover Armrest Pad Mat Bling Auto Diamond Decoration Styling,"PKR 1,403-1,714", 2 pieces,./Alibaba.com_files/Hefc4930451c24982b4547da0980cbf41q.png_300x300.png,https://xingyuecar.en.alibaba.com/company_profile.html
CHUNQIONG Portable Dual Lens HD IPS Screen Car Camera Recorder 2-Year Warranty For Truck Bus Reversing Night Vision Trailer,"PKR 10,906-17,449", 1 piece,./Alibaba.com_files/Hfedcfcfa25af4e9c9a194d1c834f2481a.jpg_300x300.jpg,https://cqdzdg.en.alibaba.com/company_profile.html
Autos Oto Aksesuar Voiture Polishing Detailing Car Washing Car Accessory Automotive Accessories for Car,"PKR 312-1,558"," 2,400 pieces",./Alibaba.com_files/U6a07ef0149d3448e92b78f4766e6c6fe3.jpg_300x300.jpg,https://gzautoman.en.alibaba.com/company_profile.html
Manufacturer Custom Iron Based Sintered Gears Cost-Effective Powder Metallurgy Gear,PKR 63-100," 2,000 pieces",./Alibaba.com_files/H2395f38c3d624333aef1b56deaf7b6b02.jpg_300x300.jpg,https://fjjoint.en.alibaba.com/company_profile.html
8-Piece Set Diamond-Encrusted Car Accessory For Universal car Car Steering Wheel Cover Gear Shift Rearview Mirror Seat Belt kit,"PKR 2,805-2,961", 10 sets,./Alibaba.com_files/H9dac6f812f374d2cbd77fb3b6b02e488Z.png_300x300.png,https://huihou.en.alibaba.com/company_profile.html
Injection Molding Custom Rapid Prototyping Plastic Injection Moulding Services For Household Products-OEM/ODM Available,PKR 159-166, 1 set,./Alibaba.com_files/Hd08066f6861e4fbe88221809402293eeI.jpg_300x300.jpg,https://jwmoldtech.en.alibaba.com/company_profile.html
Wholesale Hot Selling Phone Car Cup Holder Vehicle Interior Carbon Fiber for Car Accessories Auto Accessories,"PKR 1,135", 10 pieces,./Alibaba.com_files/H1c4ab938ac2e4e978859565d4eeafdd1U.jpg_300x300.jpg,https://qusart.en.alibaba.com/company_profile.html
3d Adjustable Hinge Heavy Duty Concealed Hinge 3d Concealed Door Hinges Hidden Door Hinges Secret Hidden Door Hardware,PKR 309-621, 1 piece,./Alibaba.com_files/Hf848d80264a840a183fe7ce094d144c4t.jpg_300x300.jpg,https://zq-zhide.en.alibaba.com/company_profile.html
Best-selling Automotive Accessories Good Price Universal Luxury Leather Car Seat Covers Full Set,"PKR 12,464-15,580", 5 sets,./Alibaba.com_files/Hdcc16626c7e64d77ac0b37997b20969ft.jpg_300x300.jpg,https://bestop168.en.alibaba.com/company_profile.html
IATF16949 Custom PP ABS PC Automotive Interior Door Trim Tooling Automotive Door Panel Injection Mold,"PKR 311,584-3,115,840", 1 piece,./Alibaba.com_files/Hee36ac7e502344419c9934b77e489102H.jpg_300x300.jpg,https://syprosperity.en.alibaba.com/company_profile.html
"Full Set Car Interior Accessories Black Crystal Car Phone Holder, Bling Bling Car Charger","PKR 1,870", 20 pieces,./Alibaba.com_files/H81846a72b67649b580590aa2bec4fc90K.jpg_300x300.jpg,https://xfautopart.en.alibaba.com/company_profile.html
Wholesale Car Brake System GDB7931 85CA03328Z/85DA03328Z For Besturn B90/Besturn X80 Auto Dust Free Semi Metallic Brake Pad Kit,"PKR 1,459", 20 sets,./Alibaba.com_files/H9b495f26dc9f4eb687f49828a712fac1q.png_300x300.png,https://rejohn.en.alibaba.com/company_profile.html
Hot Sale Auto Gadget Accessory Universal Rotation Car Vehicle Back Seat Headrest Hook Magnet Phone Holder ABS Material Camry,PKR 384-455, 10 pieces,./Alibaba.com_files/Hf5d5ff81a1b44b8b9cace80ed8167e7bv.jpg_300x300.jpg,https://carclean.en.alibaba.com/company_profile.html
